timestamp,title,price,original price,shipping,item url
2025-11-01 08:12:22,Apple iPhone 15 Pro Max A2849 1TB Natural Unlocked Very Good Condition,$747.47,,,https://www.ebay.com/itm/357492955429?_trkparms=5373%3A5000006400%7C5374%3ATech%7C5079%3A5000006400
2025-11-01 08:12:22,Samsung Galaxy S24+ 256GB S926U Unlocked - Open Box,$418.99,$999.99,,https://www.ebay.com/itm/257131323419?_trkparms=5373%3A5000006400%7C5374%3ATech%7C5079%3A5000006400
2025-11-01 08:12:22,Sony SRSXV800 XSeries Wireless Portable Bluetooth Karaoke Party Speaker Black,$369.99,,,https://www.ebay.com/itm/375588258429?_trkparms=5373%3A5000006400%7C5374%3ATech%7C5079%3A5000006400
2025-11-01 08:12:22,"MSI MPG 321CURX QD-OLED 32"" UHD Curved Gaming Monitor, 240Hz/0.03ms HDR 400",$739.99,"$1,099.99",,https://www.ebay.com/itm/256999901262?_trkparms=5373%3A5000006400%7C5374%3ATech%7C5079%3A5000006400
2025-11-01 08:12:22,Apple iPhone 16 A3081 T-Mobile Only 128GB Black Good,$409.99,,,https://www.ebay.com/itm/176880660923?_trkparms=5373%3A5000006400%7C5374%3ATech%7C5079%3A5000006400
2025-11-01 08:12:22,JBL PartyBox Club 120 Portable Bluetooth Speaker with Lights & Mic Input - White,$280.00,$399.95,,https://www.ebay.com/itm/157107124721?_trkparms=5373%3A5000006400%7C5374%3ATech%7C5079%3A5000006400
2025-11-01 08:12:22,Apple iPad 7th Gen - 32GB - Wi-Fi Only - Very Good,$105.00,,,https://www.ebay.com/itm/144379058448?_trkparms=5373%3A5000006400%7C5374%3ATech%7C5079%3A5000006400
2025-11-01 08:12:22,A+ GRADE Dell XPS 15 9570 Precision 5530 FHD LCD Screen Assembly Matte MDRV3,$49.99,$57.49,,https://www.ebay.com/itm/297150377163?_trkparms=5373%3A5000006400%7C5374%3ATech%7C5079%3A5000006400
2025-11-01 08:12:22,Apple iPhone 15 Pro Max A2849 256GB Unlocked Very Good,$624.99,,,https://www.ebay.com/itm/356227859677?_trkparms=5373%3A5000006400%7C5374%3ATech%7C5079%3A5000006400
2025-11-01 08:12:22,Apple iPhone 15 A2846 128GB Unlocked Very Good Condition,$411.99,,,https://www.ebay.com/itm/356036255923?_trkparms=5373%3A5000006400%7C5374%3ATech%7C5079%3A5000006400
2025-11-01 08:12:22,Apple iPhone 13 A2482 128GB - Fully Unlocked- Black & Blue - Very Good Condition,$265.00,,,https://www.ebay.com/itm/127083143769?_trkparms=5373%3A5000006400%7C5374%3ATech%7C5079%3A5000006400
2025-11-01 08:12:22,Apple AirPods 4th Generation - Replacement Charging Case,$39.99,,,https://www.ebay.com/itm/167592076086?_trkparms=5373%3A5000006400%7C5374%3ATech%7C5079%3A5000006400
2025-11-01 08:12:22,Apple iPhone 15 Pro Max A2849 256GB Unlocked Very Good,$624.99,,,https://www.ebay.com/itm/356227859677?_trkparms=5373%3A5000006400%7C5374%3ATech%7C5079%3A5000006423
2025-11-01 08:12:22,Apple iPhone 15 Pro A2848 256GB Unlocked - Very Good Condition,$565.99,,,https://www.ebay.com/itm/356227813818?_trkparms=5373%3A5000006400%7C5374%3ATech%7C5079%3A5000006423
2025-11-01 08:12:22,Apple iPhone 14 Pro A2650 (Fully Unlocked) 128GB Deep Purple (Excellent),$405.99,"$1,099.00",,https://www.ebay.com/itm/286883274280?_trkparms=5373%3A5000006400%7C5374%3ATech%7C5079%3A5000006423
2025-11-01 08:12:22,Apple iPhone 16 Pro Max 256GB Unlocked Very Good Condition,$884.99,,,https://www.ebay.com/itm/356605653571?_trkparms=5373%3A5000006400%7C5374%3ATech%7C5079%3A5000006423
2025-11-01 08:12:22,Apple iPhone 14 Pro Max 128GB Network Unlocked Very Good Condition,$474.99,,,https://www.ebay.com/itm/355094939620?_trkparms=5373%3A5000006400%7C5374%3ATech%7C5079%3A5000006423
2025-11-01 08:12:22,"Acer Nitro V 15.6"" Gaming Laptop NVIDIA RTX 4060 Core i9 - Certified Refurbished",$919.99,"$1,049.99",,https://www.ebay.com/itm/267229769086?_trkparms=5373%3A5000006400%7C5374%3ATech%7C5079%3A5000006407
2025-11-01 08:12:22,"Apple MacBook Pro 16"" 2023 M3 Pro 512GB 18GB RAM Space Black - Very Good","$1,294.99",,,https://www.ebay.com/itm/157138988493?_trkparms=5373%3A5000006400%7C5374%3ATech%7C5079%3A5000006407
2025-11-01 08:12:22,"Apple MacBook Pro 16"" 2023 M3 Pro All Colors Storage RAM - Very Good","$1,294.99",,,https://www.ebay.com/itm/157242142098?_trkparms=5373%3A5000006400%7C5374%3ATech%7C5079%3A5000006407
2025-11-01 08:12:22,"Apple MacBook Pro 16"" 2023 M3 Max Silver Black 32GB 48GB RAM 1TB 2TB SSD - Good","$2,322.99",,,https://www.ebay.com/itm/167745573294?_trkparms=5373%3A5000006400%7C5374%3ATech%7C5079%3A5000006407
2025-11-01 08:12:22,"Apple MacBook Pro 13"" 2022 M2 Space Gray Silver All Storage All RAM - Good",$629.99,,,https://www.ebay.com/itm/167280719887?_trkparms=5373%3A5000006400%7C5374%3ATech%7C5079%3A5000006407
2025-11-01 08:12:22,XGIMI MoGo 2 Pro 1080P Portable Projector Mini Projector with 400 ISO Lumens,$219.00,,,https://www.ebay.com/itm/317172582509?_trkparms=5373%3A5000006400%7C5374%3ATech%7C5079%3A5000006409
2025-11-01 08:12:22,XGIMI MoGo 2 Pro 1080P Portable Projector Mini Projector with 400 ISO Lumens,$234.99,,,https://www.ebay.com/itm/314792480218?_trkparms=5373%3A5000006400%7C5374%3ATech%7C5079%3A5000006409
2025-11-01 08:12:22,"XGIMI MoGo 3 Pro 1080P Portable Projector, Google TV with Licensed Netflix",$349.00,,,https://www.ebay.com/itm/316115270330?_trkparms=5373%3A5000006400%7C5374%3ATech%7C5079%3A5000006409
2025-11-01 08:12:22,"Westinghouse 32"" 720P HD Smart Roku TV WR32HT2212",$84.00,$169.99,,https://www.ebay.com/itm/235022919530?_trkparms=5373%3A5000006400%7C5374%3ATech%7C5079%3A5000006409
2025-11-01 08:12:22,"Hisense C2 4K Triple Laser Smart Mini Projector, Black - Certified Refurbished","$1,299.99","$1,999.99",,https://www.ebay.com/itm/136565741666?_trkparms=5373%3A5000006400%7C5374%3ATech%7C5079%3A5000006409
2025-11-01 08:12:22,SVBONY MK127 Telescope Maksutov-Cassegrain 127mm for Planetary Observation,$479.99,$533.32,,https://www.ebay.com/itm/197423012127?_trkparms=5373%3A5000006400%7C5374%3ATech%7C5079%3A5000006430
2025-11-01 08:12:22,"SVBONY SV241 Pro Astronomical Telescope Power HUB USB Control, Astrophotography",$169.99,$242.84,,https://www.ebay.com/itm/177370794681?_trkparms=5373%3A5000006400%7C5374%3ATech%7C5079%3A5000006430
2025-11-01 08:12:22,DJI FPV Combo - Certified Refurbished,$719.10,"$1,299.00",,https://www.ebay.com/itm/305259444032?_trkparms=5373%3A5000006400%7C5374%3ATech%7C5079%3A5000006430
2025-11-01 08:12:22,DJI Mavic 3 Pro with DJI RC Triple-Camera Certified Refurbished,"$2,339.10",,,https://www.ebay.com/itm/306028198306?_trkparms=5373%3A5000006400%7C5374%3ATech%7C5079%3A5000006430
2025-11-01 08:12:22,DJI Mini 4 Pro Fly More Vlogger Combo Drone with DJI RC - Certified Refurbished,"$1,399.00",,,https://www.ebay.com/itm/305806981195?_trkparms=5373%3A5000006400%7C5374%3ATech%7C5079%3A5000006430
2025-11-01 08:12:22,NEW ModRetro Chromatic + TETRIS Game Bundle | Game Boy¬Æ Compatible Console üëæ,$279.99,$339.99,,https://www.ebay.com/itm/357381889031?_trkparms=5373%3A5000006400%7C5374%3ATech%7C5079%3A5000006401
2025-11-01 08:12:22,"Logitech - PRO X 2 LIGHTSPEED Wireless Gaming Headset for PC, PS5, PS4,",$119.99,$279.99,,https://www.ebay.com/itm/167017920229?_trkparms=5373%3A5000006400%7C5374%3ATech%7C5079%3A5000006401
2025-11-01 08:12:22,FosPower Braided Toslink Digital Fiber Optic Optical Audio Cable SPDIF Dolby DTS,$24.99,,,https://www.ebay.com/itm/291374530489?_trkparms=5373%3A5000006400%7C5374%3ATech%7C5079%3A5000006401
2025-11-01 08:12:22,PlayStation 5 Slim Console - Includes PS5 Console And DualSense Controller - 16,$549.99,,,https://www.ebay.com/itm/126850435615?_trkparms=5373%3A5000006400%7C5374%3ATech%7C5079%3A5000006401
2025-11-01 08:12:22,Pokemon Shining Pearl - Nintendo Switch,$39.99,$59.99,,https://www.ebay.com/itm/406288206525?_trkparms=5373%3A5000006400%7C5374%3ATech%7C5079%3A5000006401
2025-11-01 08:12:22,Apple iPad Pro 13-inch 7th gen M4 Chip 512GB WiFi - Black or Silver - Good,$919.86,"$1,699.85",,https://www.ebay.com/itm/187028223989?_trkparms=5373%3A5000006400%7C5374%3ATech%7C5079%3A5000006415
2025-11-01 08:12:22,"Apple iPad Pro 13"" 7th Gen M4 Chip, 512GB, Wi-Fi - Space Black - 1 YEAR WARRANTY",$956.66,"$1,699.00",,https://www.ebay.com/itm/176904821354?_trkparms=5373%3A5000006400%7C5374%3ATech%7C5079%3A5000006415
2025-11-01 08:12:22,"Apple iPad Pro 13"" 7th Gen M4 Chip, 512GB, Wi-Fi - Silver - 1 YEAR WARRANTY",$956.66,"$1,699.00",,https://www.ebay.com/itm/176904836915?_trkparms=5373%3A5000006400%7C5374%3ATech%7C5079%3A5000006415
2025-11-01 08:12:22,"Apple iPad Pro 13"" 7th Gen M4 Chip, 512GB, Wi-Fi - VERY GOOD - 1 YEAR WARRANTY",$956.66,"$1,439.85",,https://www.ebay.com/itm/205340807020?_trkparms=5373%3A5000006400%7C5374%3ATech%7C5079%3A5000006415
2025-11-01 08:12:22,"Apple iPad Pro 13"" 7th Gen M4, 1TB, Wi-Fi - Black - Very Good - 1 YEAR WARRANTY","$1,140.66","$1,699.00",,https://www.ebay.com/itm/187027798158?_trkparms=5373%3A5000006400%7C5374%3ATech%7C5079%3A5000006415
2025-11-01 08:12:22,Sony WF-1000XM5 Truly Wireless Bluetooth Noise Canceling Headphones - Black,$139.99,$299.99,,https://www.ebay.com/itm/276015021037?_trkparms=5373%3A5000006400%7C5374%3ATech%7C5079%3A5000006419
2025-11-01 08:12:22,Skullcandy Push Active True Wireless Earbuds-Black/Orange(Certified Refurbished),$30.99,$79.99,,https://www.ebay.com/itm/265551837873?_trkparms=5373%3A5000006400%7C5374%3ATech%7C5079%3A5000006419
2025-11-01 08:12:22,Apple AirPods 2nd Gen Genuine Replacement Right or Left or Charging Case,$15.49,,,https://www.ebay.com/itm/115878536964?_trkparms=5373%3A5000006400%7C5374%3ATech%7C5079%3A5000006419
2025-11-01 08:12:22,Apple AirPods 3rd Gen Genuine Replacement Right or Left or Charging Case,$34.49,,,https://www.ebay.com/itm/126693283302?_trkparms=5373%3A5000006400%7C5374%3ATech%7C5079%3A5000006419
2025-11-01 08:12:22,Apple AirPods 2nd Gen Charging Case Authentic Apple Replacement,$19.99,,,https://www.ebay.com/itm/133684947872?_trkparms=5373%3A5000006400%7C5374%3ATech%7C5079%3A5000006419
2025-11-01 08:12:22,Netac 1TB 2TB 512GB Internal SSD 2.5'' SATA III 6Gb/s Solid State Drive lot,$13.99,,,https://www.ebay.com/itm/314555594439?_trkparms=5373%3A5000006400%7C5374%3ATech%7C5079%3A5000006421
2025-11-01 08:12:22,WD 28TB My Book Duo Desktop RAID Hard Drive HDD - WDBFBE0280JBK-NESN,$699.99,$789.99,,https://www.ebay.com/itm/296118852230?_trkparms=5373%3A5000006400%7C5374%3ATech%7C5079%3A5000006421
2025-11-01 08:12:22,WD 20TB WD Gold Enterprise Class SATA HDD Internal Hard Drive HDD - WD202KRYZ,$379.99,$579.99,,https://www.ebay.com/itm/297401321463?_trkparms=5373%3A5000006400%7C5374%3ATech%7C5079%3A5000006421
2025-11-01 08:12:22,Western Digital 22TB WD My Book External Hard Drive HDD - WDBBGB0220HBK-NESN,$399.99,$469.99,,https://www.ebay.com/itm/296118852180?_trkparms=5373%3A5000006400%7C5374%3ATech%7C5079%3A5000006421
2025-11-01 08:12:22,WD_BLACK 6TB P10 Game Drive for Xbox Portable Hard Drive HDD-WDBZRG0060BBK-WESN,$159.99,$179.99,,https://www.ebay.com/itm/296726667776?_trkparms=5373%3A5000006400%7C5374%3ATech%7C5079%3A5000006421
2025-11-01 08:12:22,Apple AirPods 2nd Gen Genuine Replacement Right or Left or Charging Case,$15.49,,,https://www.ebay.com/itm/115878536964?_trkparms=5373%3A5000006400%7C5374%3ATech%7C5079%3A5000006403
2025-11-01 08:12:22,Apple 1st Gen AirPods Pro Genuine Replacement Right or Left or Charging Case,$37.99,,,https://www.ebay.com/itm/133684947904?_trkparms=5373%3A5000006400%7C5374%3ATech%7C5079%3A5000006403
2025-11-01 08:12:22,"Apple AirPods Pro 2nd Gen - Left, Right, or Case - Models 2699/2698/2700 GRADE B",$25.99,,,https://www.ebay.com/itm/375618346806?_trkparms=5373%3A5000006400%7C5374%3ATech%7C5079%3A5000006403
2025-11-01 08:12:22,Soundcore Liberty 4 SE True Wireless Earbuds Heart Rate Sensor Noise Cancelling,$49.99,$149.99,,https://www.ebay.com/itm/385693088002?_trkparms=5373%3A5000006400%7C5374%3ATech%7C5079%3A5000006403
2025-11-01 08:12:22,Soundcore Q20i Wireless Over-Ear Headphone Hybrid Active Noise Cancelling|Refurb,$27.99,$69.99,,https://www.ebay.com/itm/387405188897?_trkparms=5373%3A5000006400%7C5374%3ATech%7C5079%3A5000006403
2025-11-01 08:12:22,HP HP-OJPRO9128E-RB OfficeJet Pro 9128e All-in-One Printer-Certified Refurbished,$128.79,$169.99,,https://www.ebay.com/itm/135849081171?_trkparms=5373%3A5000006400%7C5374%3ATech%7C5079%3A5000006417
2025-11-01 08:12:22,"DNP 4x6"" Print Pack for DS-40 Dye Sub Printer, 800 Glossy Prints",$126.00,,,https://www.ebay.com/itm/373661270561?_trkparms=5373%3A5000006400%7C5374%3ATech%7C5079%3A5000006417
2025-11-01 08:12:22,"HP OfficeJet Pro 9125e AIO Printer 2.7‚Äù Color Touchscreen Print, Scan, Copy, Fax",$159.99,$409.99,,https://www.ebay.com/itm/376283831429?_trkparms=5373%3A5000006400%7C5374%3ATech%7C5079%3A5000006417
2025-11-01 08:12:22,Canon imagePROGRAF Professional PRO 310 Black Wireless Inkjet Photo Printer,$971.00,"$1,099.00",,https://www.ebay.com/itm/297147074911?_trkparms=5373%3A5000006400%7C5374%3ATech%7C5079%3A5000006417
2025-11-01 08:12:22,Canon Maxify GX4020 Wireless Versatile MegaTank Compact All In One Color Printer,$539.00,,,https://www.ebay.com/itm/285917002255?_trkparms=5373%3A5000006400%7C5374%3ATech%7C5079%3A5000006417
2025-11-01 08:12:22,"REDTIGER Dash Camera 4K Front and Rear Dash Cam Built-In WiFi & GPS, App control",$64.49,$129.49,,https://www.ebay.com/itm/285933024479?_trkparms=5373%3A5000006400%7C5374%3ATech%7C5079%3A5000006432
2025-11-01 08:12:22,X7 HD 24V 12V Diesel Heavy Duty Truck Scanner E-CU Coding All System DPF Regen,$674.99,$899.99,,https://www.ebay.com/itm/154567834067?_trkparms=5373%3A5000006400%7C5374%3ATech%7C5079%3A5000006432
2025-11-01 08:12:22,REDTIGER 4K Dash Cam Front and Rear Dual Dash Camera WIFI&GPS With 32GB SD Card,$64.49,$129.49,,https://www.ebay.com/itm/285048811560?_trkparms=5373%3A5000006400%7C5374%3ATech%7C5079%3A5000006432
2025-11-01 08:12:22,2025 Thinkscan Plus S7 Car OBD2 Scanner Auto Diagnostic Tool ABS SRS BCM IC AC,$119.99,$189.99,,https://www.ebay.com/itm/394131576153?_trkparms=5373%3A5000006400%7C5374%3ATech%7C5079%3A5000006432
2025-11-01 08:12:22,"REDTIGER F17 4K Dash Cam 5G WiFi 3 Channel ,Front and Rear Inside, 64GB SD Card",$89.89,$149.89,,https://www.ebay.com/itm/285949275839?_trkparms=5373%3A5000006400%7C5374%3ATech%7C5079%3A5000006432
2025-11-01 08:12:22,Canon EF 200mm f2.8 L II USM Lens #Q,$400.70,$430.86,,https://www.ebay.com/itm/146853896899?_trkparms=5373%3A5000006400%7C5374%3ATech%7C5079%3A5000006425
2025-11-01 08:12:22,Sigma 24-70MM F2.8 DG DN II ART Lens Sony E Mount Bundle with SanDisk 64GB SD,"$1,249.99","$1,299.99",,https://www.ebay.com/itm/375511057573?_trkparms=5373%3A5000006400%7C5374%3ATech%7C5079%3A5000006425
2025-11-01 08:12:22,Sigma MC-11 Lens Mount Converter (Sigma SA/EOS to Sony E-Mount),$178.61,$510.95,,https://www.ebay.com/itm/286197283832?_trkparms=5373%3A5000006400%7C5374%3ATech%7C5079%3A5000006425
2025-11-01 08:12:22,Canon RF 15-35mm f/2.8L IS USM Lens with K&F Concept 82mm Magnetic Base Ring,"$1,549.99","$1,908.99",,https://www.ebay.com/itm/306505529835?_trkparms=5373%3A5000006400%7C5374%3ATech%7C5079%3A5000006425
2025-11-01 08:12:22,Canon RF 75-300mm f/4-5.6 Compact Telephoto Zoom Lens for RF Mount,$239.00,$290.00,,https://www.ebay.com/itm/376543088547?_trkparms=5373%3A5000006400%7C5374%3ATech%7C5079%3A5000006425
2025-11-01 08:12:22,ECO-WORTHY 2Pcs 14kWh 48V 280AH LiFePO4 Battery Vertical Standing Solar Backup,"$3,999.99",,,https://www.ebay.com/itm/396907709023?_trkparms=5373%3A5000006400%7C5374%3ATech%7C5079%3A5000006413
2025-11-01 08:12:22,Reolink 5MP 16 Channel 4TB NVR Kit Outdoor PoE DIY CCTV Security Camera System,$535.00,,,https://www.ebay.com/itm/134064490040?_trkparms=5373%3A5000006400%7C5374%3ATech%7C5079%3A5000006413
2025-11-01 08:12:22,ECO-WORTHY 14kWh 48V 280AH LiFePO4 Battery Vertical Standing Solar Backup 1pack,"$2,199.99",,,https://www.ebay.com/itm/396907705926?_trkparms=5373%3A5000006400%7C5374%3ATech%7C5079%3A5000006413
2025-11-01 08:12:22,"REDTIGER Dash Camera 4K Front and Rear Dash Cam Built-In WiFi & GPS, App control",$64.49,$129.49,,https://www.ebay.com/itm/285933024479?_trkparms=5373%3A5000006400%7C5374%3ATech%7C5079%3A5000006413
2025-11-01 08:12:22,X7 HD 24V 12V Diesel Heavy Duty Truck Scanner E-CU Coding All System DPF Regen,$674.99,$899.99,,https://www.ebay.com/itm/154567834067?_trkparms=5373%3A5000006400%7C5374%3ATech%7C5079%3A5000006413
2025-11-01 08:12:22,Vera Bradley Women's Outlet Ultralight Laptop Workstation Crossbody Bag NWT,$41.70,$119.00,,https://www.ebay.com/itm/365930191290?_trkparms=5373%3A5000006400%7C5374%3ATech%7C5079%3A5000006427
2025-11-01 08:12:22,Vera Bradley Women's Outlet Ultralight Essential Cord Organizer NWT,$23.70,$59.00,,https://www.ebay.com/itm/365930191727?_trkparms=5373%3A5000006400%7C5374%3ATech%7C5079%3A5000006427
2025-11-01 08:12:22,Vera Bradley Outlet Laptop Crossbody,$31.50,$85.00,,https://www.ebay.com/itm/365926632631?_trkparms=5373%3A5000006400%7C5374%3ATech%7C5079%3A5000006427
2025-11-01 08:12:22,Vera Bradley Outlet Large Tech Sleeve,$23.70,$59.00,,https://www.ebay.com/itm/365926632547?_trkparms=5373%3A5000006400%7C5374%3ATech%7C5079%3A5000006427
2025-11-01 08:12:22,Vera Bradley Women's Recycled Cotton Laptop Organizer NWT,$31.00,$50.00,,https://www.ebay.com/itm/365930191334?_trkparms=5373%3A5000006400%7C5374%3ATech%7C5079%3A5000006427
2025-11-01 08:12:22,Apple Watch Ultra 2 49mm Gps + Cellular - Band 64GB - Excellent,$562.99,,,https://www.ebay.com/itm/167087869217?_trkparms=5373%3A5000006400%7C5374%3ATech%7C5079%3A5000006411
2025-11-01 08:12:22,Apple iPhone 15 Pro Max A2849 256GB Unlocked Very Good,$624.99,,,https://www.ebay.com/itm/356227859677?_trkparms=5373%3A5000006400%7C5374%3ATech%7C5079%3A5000006411
2025-11-01 08:12:22,Apple iPhone 15 Pro A2848 256GB Unlocked - Very Good Condition,$565.99,,,https://www.ebay.com/itm/356227813818?_trkparms=5373%3A5000006400%7C5374%3ATech%7C5079%3A5000006411
2025-11-01 08:12:22,Apple iPhone 14 Pro A2650 (Fully Unlocked) 128GB Deep Purple (Excellent),$405.99,"$1,099.00",,https://www.ebay.com/itm/286883274280?_trkparms=5373%3A5000006400%7C5374%3ATech%7C5079%3A5000006411
2025-11-01 08:12:22,Apple iPhone 16 Pro Max 256GB Unlocked Very Good Condition,$884.99,,,https://www.ebay.com/itm/356605653571?_trkparms=5373%3A5000006400%7C5374%3ATech%7C5079%3A5000006411
2025-11-01 08:12:22,"Refurbished HUION Kamvas 13 (Gen 3) 13.3"" Graphic Tablet Pen Display PenTech4.0",$189.00,,,https://www.ebay.com/itm/335778622198?_trkparms=5373%3A5000006400%7C5374%3ATech%7C5079%3A5000006405
2025-11-01 08:12:22,Huion KAMVAS 22 Graphics Drawing Tablet with Screen OTG Certified Refurbished,$298.90,$449.00,,https://www.ebay.com/itm/234028480288?_trkparms=5373%3A5000006400%7C5374%3ATech%7C5079%3A5000006405
2025-11-01 08:12:22,Refurbished HUION KAMVAS PRO 16 Graphic Drawing Monitor Pen Display+Touch Bar,$234.50,$379.00,,https://www.ebay.com/itm/336080166779?_trkparms=5373%3A5000006400%7C5374%3ATech%7C5079%3A5000006405
2025-11-01 08:12:22,XP-Pen Artist 24 Pro Gen2 4K Graphics Drawing Tablet Full Lamination 16384 ‚ñ≥E Ôºú1,$883.99,"$1,299.99",,https://www.ebay.com/itm/396360742557?_trkparms=5373%3A5000006400%7C5374%3ATech%7C5079%3A5000006405
2025-11-01 08:12:22,"HUION KAMVAS 16 (Gen 3) Drawing Tablet with Screen 15.8"" PenTech 4.0 2.5K QHD",$459.00,,,https://www.ebay.com/itm/235904746700?_trkparms=5373%3A5000006400%7C5374%3ATech%7C5079%3A5000006405
2025-11-01 21:41:45,Apple Watch Series 10 46mm GPS + WiFi + Cellular Unlocked Aluminum - Excellent,$284.79,$599.99,,https://www.ebay.com/itm/316169970498?_trkparms=5373%3A5000006400%7C5374%3ATech%7C5079%3A5000006400
2025-11-01 21:41:45,"Bose QuietComfort Ultra Noise Cancelling Earbuds, Certified Refurbished",$159.00,$249.00,,https://www.ebay.com/itm/186465664855?_trkparms=5373%3A5000006400%7C5374%3ATech%7C5079%3A5000006400
2025-11-01 21:41:45,JBL PartyBox Stage 320 Illuminated LED Wireless Bluetooth Speaker - Black,$375.99,$599.99,,https://www.ebay.com/itm/157359929835?_trkparms=5373%3A5000006400%7C5374%3ATech%7C5079%3A5000006400
2025-11-01 21:41:45,"HP Omen 16"" WQXGA IPS 240Hz RTX 5070 Ultra 9 285H Gaming Laptop 16GB RAM 1TB SSD","$1,399.99","$1,849.99",,https://www.ebay.com/itm/297474804193?_trkparms=5373%3A5000006400%7C5374%3ATech%7C5079%3A5000006400
2025-11-01 21:41:45,Samsung Galaxy S24 128GB S921U Unlocked - Excellent,$325.99,$799.99,,https://www.ebay.com/itm/256496745168?_trkparms=5373%3A5000006400%7C5374%3ATech%7C5079%3A5000006400
2025-11-01 21:41:45,"15.6"" Lenovo ThinkPad Laptop: Intel i5! 16GB RAM! 256GB SSD! Zorin Core Edition!",$147.95,$247.95,,https://www.ebay.com/itm/116511649267?_trkparms=5373%3A5000006400%7C5374%3ATech%7C5079%3A5000006400
2025-11-01 21:41:45,Walkers Silencer BT 2.0 Rechargeable Electronic Earbuds OD Green,$53.99,$129.99,,https://www.ebay.com/itm/286379732687?_trkparms=5373%3A5000006400%7C5374%3ATech%7C5079%3A5000006400
2025-11-01 21:41:45,Apple iPhone 14 Pro Max 128GB Network Unlocked Very Good Condition,$458.99,$899.99,,https://www.ebay.com/itm/355094939620?_trkparms=5373%3A5000006400%7C5374%3ATech%7C5079%3A5000006400
2025-11-01 21:41:45,"Acer Portable Monitor 15.6"" Full HD IPS 1920x1080 60Hz 5ms 300Nit Good Condition",$38.63,$139.99,,https://www.ebay.com/itm/256905415945?_trkparms=5373%3A5000006400%7C5374%3ATech%7C5079%3A5000006400
2025-11-01 21:41:45,Apple iPhone 15 Pro A2848 256GB Unlocked - Very Good Condition,$536.99,"$1,199.99",,https://www.ebay.com/itm/356227813818?_trkparms=5373%3A5000006400%7C5374%3ATech%7C5079%3A5000006400
2025-11-01 21:41:45,Apple iPad 7th Generation (2019) - WiFi Only 32GB - Good,$92.00,$199.00,,https://www.ebay.com/itm/134018475345?_trkparms=5373%3A5000006400%7C5374%3ATech%7C5079%3A5000006400
2025-11-01 21:41:45,"Acer 15.6i"" Portable Monitor FullHD 1920x1080 IPS 5ms 60Hz Very Good Condition",$40.47,$139.99,,https://www.ebay.com/itm/267229717756?_trkparms=5373%3A5000006400%7C5374%3ATech%7C5079%3A5000006400
2025-11-01 21:41:45,Apple iPhone 13 A2482 128GB - Fully Unlocked- Black & Blue - Very Good Condition,$265.00,,,https://www.ebay.com/itm/127083143769?_trkparms=5373%3A5000006400%7C5374%3ATech%7C5079%3A5000006423
2025-11-01 21:41:45,Samsung Galaxy S25+ PLUS SM-S936U1 256GB 512GB FACTORY UNLOCKED,$599.00,,,https://www.ebay.com/itm/127100653669?_trkparms=5373%3A5000006400%7C5374%3ATech%7C5079%3A5000006423
2025-11-01 21:41:45,Apple iPhone 14 Pro Silver 256GB Good - Refurbished - Unlocked,$454.99,,,https://www.ebay.com/itm/127244140439?_trkparms=5373%3A5000006400%7C5374%3ATech%7C5079%3A5000006423
2025-11-01 21:41:45,Samsung Galaxy S22 Ultra 128GB 256GB S908U Unlocked Smartphone - Good,$249.99,,,https://www.ebay.com/itm/157238959320?_trkparms=5373%3A5000006400%7C5374%3ATech%7C5079%3A5000006423
2025-11-01 21:41:45,Pikmin 3 Deluxe - Nintendo Switch,$39.99,$59.99,,https://www.ebay.com/itm/406203090942?_trkparms=5373%3A5000006400%7C5374%3ATech%7C5079%3A5000006401
2025-11-01 21:41:45,"Microsoft Xbox Wireless Controller For Xbox Series X / S, Xbox One & Windows PC",$43.49,$70.00,,https://www.ebay.com/itm/275287871839?_trkparms=5373%3A5000006400%7C5374%3ATech%7C5079%3A5000006401
2025-11-01 21:41:45,"Apple iPad Air 10.9"" 4th Gen, 64GB, Wi-Fi - VERY GOOD - 1 YEAR WARRANTY",$229.86,$659.85,,https://www.ebay.com/itm/175242586112?_trkparms=5373%3A5000006400%7C5374%3ATech%7C5079%3A5000006415
2025-11-01 21:41:45,"Apple iPad Air 10.9"" 4th Gen, 64GB, Wi-Fi + 4G - Very Good - 1 YEAR WARRANTY",$248.26,$689.85,,https://www.ebay.com/itm/175245221135?_trkparms=5373%3A5000006400%7C5374%3ATech%7C5079%3A5000006415
2025-11-01 21:41:45,"Apple iPad Air 10.9"" 4th Gen 2020, 64GB, Wi-Fi - GOOD - 1 YEAR WARRANTY",$220.66,$649.85,,https://www.ebay.com/itm/203915852886?_trkparms=5373%3A5000006400%7C5374%3ATech%7C5079%3A5000006415
2025-11-01 21:41:45,"Apple iPad Air 10.9"" 4th Gen, 64GB, Wi-Fi + 4G Unlocked - GOOD - 1 YEAR WARRANTY",$248.26,$679.85,,https://www.ebay.com/itm/185391166709?_trkparms=5373%3A5000006400%7C5374%3ATech%7C5079%3A5000006415
2025-11-01 21:41:45,Bose QuietComfort 45 QC45 Noise Cancelling Wireless Bluetooth Headphone - Black,$159.00,,,https://www.ebay.com/itm/376266545408?_trkparms=5373%3A5000006400%7C5374%3ATech%7C5079%3A5000006403
2025-11-01 21:41:45,Canon SELPHY CP1500 COMPACT PRINTER WHITE,$179.00,$200.00,,https://www.ebay.com/itm/285167584950?_trkparms=5373%3A5000006400%7C5374%3ATech%7C5079%3A5000006417
2025-11-01 21:41:45,Canon Mount Adapter EF-EOS R for Canon EF/EF-S Lens to EOS R Camera,$119.95,,,https://www.ebay.com/itm/323762011186?_trkparms=5373%3A5000006400%7C5374%3ATech%7C5079%3A5000006425
2025-11-01 21:41:45,Canon RF 24-70mm f/2.8L IS USM Lens,"$2,099.95","$2,299.00",,https://www.ebay.com/itm/324021848741?_trkparms=5373%3A5000006400%7C5374%3ATech%7C5079%3A5000006425
2025-11-01 21:41:45,Fujifilm XF 16-80mm f/4 R OIS WR Lens,$549.95,$799.00,,https://www.ebay.com/itm/326577238364?_trkparms=5373%3A5000006400%7C5374%3ATech%7C5079%3A5000006425
2025-11-01 21:41:45,Nikon FTZ II Mount Adapter,$219.95,$249.95,,https://www.ebay.com/itm/225049340356?_trkparms=5373%3A5000006400%7C5374%3ATech%7C5079%3A5000006425
2025-11-01 21:41:45,Vera Bradley Outlet Essential Cord Organizer,$19.50,$45.00,,https://www.ebay.com/itm/365926632765?_trkparms=5373%3A5000006400%7C5374%3ATech%7C5079%3A5000006427
2025-11-01 21:41:45,Vera Bradley Outlet Laptop Crossbody,$38.70,$109.00,,https://www.ebay.com/itm/365926632755?_trkparms=5373%3A5000006400%7C5374%3ATech%7C5079%3A5000006427
2025-11-01 21:41:45,Sony WF-1000XM5 Truly Wireless Bluetooth Noise Canceling Headphones - Black,$139.99,$299.99,,https://www.ebay.com/itm/276015021037?_trkparms=5373%3A5000006400%7C5374%3ATech%7C5079%3A5000006411
2025-11-01 21:41:45,Skullcandy Push Active True Wireless Earbuds-Black/Orange(Certified Refurbished),$30.99,$79.99,,https://www.ebay.com/itm/265551837873?_trkparms=5373%3A5000006400%7C5374%3ATech%7C5079%3A5000006411
2025-11-01 21:41:45,Apple AirPods 2nd Gen Genuine Replacement Right or Left or Charging Case,$15.49,,,https://www.ebay.com/itm/115878536964?_trkparms=5373%3A5000006400%7C5374%3ATech%7C5079%3A5000006411
2025-11-01 21:41:45,Apple AirPods 3rd Gen Genuine Replacement Right or Left or Charging Case,$34.49,,,https://www.ebay.com/itm/126693283302?_trkparms=5373%3A5000006400%7C5374%3ATech%7C5079%3A5000006411
2025-11-01 23:45:51,"Acer 31.5"" Nitro Curved Monitor LED WQHD 144Hz 1 ms 2560x1440 XZ322QU V3bmiiphx",$121.43,$249.99,,https://www.ebay.com/itm/256547414823?_trkparms=5373%3A5000006400%7C5374%3ATech%7C5079%3A5000006400
2025-11-01 23:45:51,Samsung Galaxy S23 Ultra 512GB S918U Unlocked - Excellent,$441.99,"$1,379.99",,https://www.ebay.com/itm/256482045980?_trkparms=5373%3A5000006400%7C5374%3ATech%7C5079%3A5000006400
2025-11-02 01:29:19,Apple iPhone 13 A2482 128GB Network Unlocked Very Good Condition,$272.99,$599.99,,https://www.ebay.com/itm/354393355064?_trkparms=5373%3A5000006400%7C5374%3ATech%7C5079%3A5000006400
2025-11-02 01:29:19,Apple iPhone 15 Plus 128GB Unlocked Very Good Condition,$459.99,$999.99,,https://www.ebay.com/itm/356312979103?_trkparms=5373%3A5000006400%7C5374%3ATech%7C5079%3A5000006400
2025-11-02 01:29:19,"Acer 15.6"" Portable Monitor FHD 1920x1080 60Hz Black PM161Q Very Good Condition",$37.71,$99.99,,https://www.ebay.com/itm/277333168153?_trkparms=5373%3A5000006400%7C5374%3ATech%7C5079%3A5000006400
2025-11-02 04:17:56,Samsung Galaxy S23 Ultra 512GB S918U Unlocked - Very Good,$418.99,"$1,379.99",,https://www.ebay.com/itm/256613651818?_trkparms=5373%3A5000006400%7C5374%3ATech%7C5079%3A5000006400
2025-11-02 04:17:56,GENUINE Dell Latitude 12 Rugged Tablet Keyboard 7202 7212 7220 Touchpad G17CY,$100.99,$116.14,,https://www.ebay.com/itm/295999788310?_trkparms=5373%3A5000006400%7C5374%3ATech%7C5079%3A5000006401
2025-11-02 07:36:37,Sony BRAVIA 8 II 65 inch Class QD-OLED 4K HDR Google TV 2025,"$2,659.00","$3,998.00",,https://www.ebay.com/itm/336030867778?_trkparms=5373%3A5000006400%7C5374%3ATech%7C5079%3A5000006400
2025-11-02 07:36:37,"Dell Touchscreen Chromebook 3100 11"" Celeron 1.1GHz/4GB/32GB P30T001 w/Warranty",$38.13,$160.00,,https://www.ebay.com/itm/144965228566?_trkparms=5373%3A5000006400%7C5374%3ATech%7C5079%3A5000006400
2025-11-02 07:36:37,Samsung Galaxy S24 128GB S921U Unlocked - Open Box,$334.99,$799.99,,https://www.ebay.com/itm/257131323344?_trkparms=5373%3A5000006400%7C5374%3ATech%7C5079%3A5000006400
2025-11-02 10:17:56,Skullcandy SESH ANC Wireless 2 PACK (Certified Refurb)-BLACK,$26.99,$69.99,,https://www.ebay.com/itm/375270240570?_trkparms=5373%3A5000006400%7C5374%3ATech%7C5079%3A5000006400
2025-11-02 13:24:56,"Lenovo Legion 5 15.1"" OLED WQXGA 165HZ RTX 5060 AMD Ryzen 7 260 Gaming Laptop",$999.99,"$1,399.99",N/A,https://www.latest.ebay.com/itm/127210724599?src=urllib&_trkparms=5373%3A5000006400%7C5374%3ATech%7C5079%3A5000006400
2025-11-02 13:24:56,Samsung Galaxy S22+ 128GB (Unlocked) - Phantom Black,"$169.95
See all trending deals","$1,049.99",N/A,https://www.ebay.com/itm/365543930487?_trkparms=5373%3A5000006400%7C5374%3ATech%7C5079%3A5000006400
2025-11-02 13:24:56,Apple iPhone 16 128GB Unlocked Very Good Condition,"$547.99
See all trending deals","$1,299.99",N/A,https://www.ebay.com/itm/356605678205?_trkparms=5373%3A5000006400%7C5374%3ATech%7C5079%3A5000006400
2025-11-02 13:24:56,Samsung Galaxy S24 Ultra 512GB S928U Unlocked - Excellent,"$627.99
See all trending deals","$1,419.99",N/A,https://www.ebay.com/itm/256754180033?_trkparms=5373%3A5000006400%7C5374%3ATech%7C5079%3A5000006400
2025-11-02 13:24:56,"Acer 15.6"" Chromebook 315 Laptop Intel Processor N4500 4GB RAM 64GB Purple","$114.07
See all trending deals",$199.00,N/A,https://www.ebay.com/itm/267047263565?_trkparms=5373%3A5000006400%7C5374%3ATech%7C5079%3A5000006400
2025-11-02 13:24:56,"REDTIGER Dash Camera 4K Front and Rear Dash Cam Built-In WiFi & GPS, App control","$64.49
See all trending deals",$129.49,N/A,https://www.ebay.com/itm/285933024479?_trkparms=5373%3A5000006400%7C5374%3ATech%7C5079%3A5000006400
2025-11-02 13:24:56,Apple iPhone 14 Pro Max 512GB Unlocked Very Good Condition,"$509.99
See all trending deals",$949.99,N/A,https://www.ebay.com/itm/356344723615?_trkparms=5373%3A5000006400%7C5374%3ATech%7C5079%3A5000006400
2025-11-02 13:24:56,Apple iPhone 13 Pro 512GB Factory Unlocked AT&T T-Mobile Verizon Good Condition,"$357.95
See all trending deals","$1,299.00",N/A,https://www.ebay.com/itm/295270381676?_trkparms=5373%3A5000006400%7C5374%3ATech%7C5079%3A5000006400
2025-11-02 13:24:56,Skullcandy SESH ANC Wireless In-ear Bluetooth Earbuds (Certified Refurb)-BLACK,"$15.99
See all trending deals",$69.99,N/A,https://www.ebay.com/itm/265983500898?_trkparms=5373%3A5000006400%7C5374%3ATech%7C5079%3A5000006400
2025-11-02 13:24:56,Samsung Galaxy Watch5 Pro 45mm R920N GPS - Very Good,"$55.99
See all trending deals",$449.99,N/A,https://www.ebay.com/itm/256277867994?_trkparms=5373%3A5000006400%7C5374%3ATech%7C5079%3A5000006400
2025-11-02 13:24:56,Samsung Galaxy S23 128GB S911U Unlocked - Good,"$204.99
See all trending deals",$799.99,N/A,https://www.ebay.com/itm/256372465052?_trkparms=5373%3A5000006400%7C5374%3ATech%7C5079%3A5000006400
2025-11-02 13:24:56,Apple iPhone 14 Pro A2650 128GB Network Unlocked Very Good Condition,"$406.99
See all trending deals",$799.99,N/A,https://www.ebay.com/itm/354954088639?_trkparms=5373%3A5000006400%7C5374%3ATech%7C5079%3A5000006400
2025-11-02 13:24:56,Apple iPhone 15 Pro A2848 256GB Unlocked Excellent Condition,"$588.99
See all trending deals","$1,199.99",N/A,https://www.ebay.com/itm/356895116213?_trkparms=5373%3A5000006400%7C5374%3ATech%7C5079%3A5000006400
2025-11-02 13:24:56,Apple AirTag Bluetooth GPS Tracker Silver MX532AM/A A2187 For iPhone & iPad,"$22.95
See all trending deals",N/A,N/A,https://www.ebay.com/itm/296373153889?_trkparms=5373%3A5000006400%7C5374%3ATech%7C5079%3A5000006400
2025-11-02 13:24:56,Apple iPhone 15 256GB Factory Unlocked AT&T T-Mobile Verizon Excellent Condition,"$498.95
See all trending deals",$899.00,N/A,https://www.ebay.com/itm/296106949005?_trkparms=5373%3A5000006400%7C5374%3ATech%7C5079%3A5000006400
2025-11-02 13:24:56,Apple iPhone 15 Pro Max A2849 256GB Unlocked Excellent Condition,"$676.99
See all trending deals","$1,299.99",N/A,https://www.ebay.com/itm/356895100574?_trkparms=5373%3A5000006400%7C5374%3ATech%7C5079%3A5000006400
2025-11-02 13:24:56,"Apple iPhone 14 Pro Max 256GB Unlocked 6.7"" - (Deep Purple) A2651 w/Warranty","$495.00
See all trending deals","$1,199.00",N/A,https://www.ebay.com/itm/146822590886?_trkparms=5373%3A5000006400%7C5374%3ATech%7C5079%3A5000006400
2025-11-02 13:24:56,Apple iPhone 16 Pro 128GB Unlocked Very Good Condition,"$664.99
See all trending deals","$1,399.99",N/A,https://www.ebay.com/itm/356605660694?_trkparms=5373%3A5000006400%7C5374%3ATech%7C5079%3A5000006400
2025-11-02 13:24:56,Apple iPhone 15 Pro A2848 128GB Unlocked Excellent,"$560.99
See all trending deals","$1,099.99",N/A,https://www.ebay.com/itm/356036210220?_trkparms=5373%3A5000006400%7C5374%3ATech%7C5079%3A5000006400
2025-11-02 13:24:56,"Acer KB272 G0BI 27"" Full HD IPS Monitor ‚Äì 120Hz, 1ms VRB, AMD FreeSync, LCD","$65.31
See all trending deals",$149.99,N/A,https://www.ebay.com/itm/256992973721?_trkparms=5373%3A5000006400%7C5374%3ATech%7C5079%3A5000006400
2025-11-02 13:24:56,"2019 Apple MacBook Pro 16"" i9 2.4GHz/32GB/512GB - (Space Gray) A2141 w/Warranty","$389.99
See all trending deals","$2,999.00",N/A,https://www.ebay.com/itm/376409467399?_trkparms=5373%3A5000006400%7C5374%3ATech%7C5079%3A5000006400
2025-11-02 13:24:56,Samsung Galaxy S22 Ultra 128GB 256GB S908U Unlocked Smartphone - Good,"$249.99
See all trending deals",N/A,N/A,https://www.ebay.com/itm/157238959320?_trkparms=5373%3A5000006400%7C5374%3ATech%7C5079%3A5000006400
2025-11-02 13:24:56,Apple iPhone 14 128GB Factory Unlocked AT&T T-Mobile Verizon Good Condition,"$288.95
See all trending deals",$799.00,N/A,https://www.ebay.com/itm/304820253220?_trkparms=5373%3A5000006400%7C5374%3ATech%7C5079%3A5000006400
2025-11-02 13:24:56,"1 Year Warranty 2020 Apple iPad 8 WiFi Only 32GB 10.2"" (Space Gray) A2270","$106.02
See all trending deals",$329.00,N/A,https://www.ebay.com/itm/144694725912?_trkparms=5373%3A5000006400%7C5374%3ATech%7C5079%3A5000006400
2025-11-02 13:24:56,Apple iPhone 15 128GB Factory Unlocked AT&T T-Mobile Verizon Excellent Condition,"$436.95
See all trending deals",$799.00,N/A,https://www.ebay.com/itm/296110312917?_trkparms=5373%3A5000006400%7C5374%3ATech%7C5079%3A5000006400
2025-11-02 13:24:56,Apple AirPods Pro 2nd Generation Gen 2 2023 A2968 with Magsafe USB-C Charging,"$142.95
See all trending deals",N/A,N/A,https://www.ebay.com/itm/285636515887?_trkparms=5373%3A5000006400%7C5374%3ATech%7C5079%3A5000006400
2025-11-02 13:24:56,Samsung Galaxy S24+ 256GB S926U Unlocked - Excellent,$418.99,$999.99,N/A,https://www.latest.ebay.com/itm/256602372474?src=urllib&_trkparms=5373%3A5000006400%7C5374%3ATech%7C5079%3A5000006400
2025-11-02 13:24:56,"HP EliteBook 845 G8 14"" FHD AMD Ryzen 7 Pro 5850U 16GB 256GB SSD W11P Webcam, SL",$279.00,$649.99,N/A,https://www.latest.ebay.com/itm/167565097733?src=urllib&_trkparms=5373%3A5000006400%7C5374%3ATech%7C5079%3A5000006400
2025-11-02 13:24:56,"Bose Ultra Open Earbuds, Certified Refurbished",$149.00,$249.00,N/A,https://www.latest.ebay.com/itm/186628375702?src=urllib&_trkparms=5373%3A5000006400%7C5374%3ATech%7C5079%3A5000006400
2025-11-02 13:24:56,Apple Watch SE 40mm 44mm GPS + WiFi + Cellular Pink Gold Gray Silver - Good,$92.39,$299.99,N/A,https://www.latest.ebay.com/itm/314285776503?src=urllib&_trkparms=5373%3A5000006400%7C5374%3ATech%7C5079%3A5000006400
2025-11-02 13:24:56,ECO-WORTHY 5120Wh 48V 100AH Server Rack LiFePO4 Lithium Battery UL1973 & UL9540A,$917.63,N/A,N/A,https://www.latest.ebay.com/itm/126715493848?src=urllib&_trkparms=5373%3A5000006400%7C5374%3ATech%7C5079%3A5000006400
2025-11-02 13:24:56,NEBULA Cosmos Laser 4K Projector Android TV 10.0 Auto focus Dolby 30W Speaker,$719.99,"$2,199.99",N/A,https://www.latest.ebay.com/itm/385942658605?src=urllib&_trkparms=5373%3A5000006400%7C5374%3ATech%7C5079%3A5000006400
2025-11-02 13:24:56,"Apple iPhone 15 Pro Max 6.7"" Unlocked 256GB - (Black Titanium) A2849 w/Warranty",$623.00,"$1,199.00",N/A,https://www.latest.ebay.com/itm/357041934546?src=urllib&_trkparms=5373%3A5000006400%7C5374%3ATech%7C5079%3A5000006400
2025-11-02 13:24:56,"Rockville Go Party D4 Large Loud Portable LED Party Bluetooth Speaker, Deep Bass",$40.99,$129.99,N/A,https://www.latest.ebay.com/itm/354552193800?src=urllib&_trkparms=5373%3A5000006400%7C5374%3ATech%7C5079%3A5000006400
2025-11-02 13:24:56,Apple Watch Series 10 46mm GPS + WiFi + Cellular Unlocked Aluminum - Excellent,$284.79,$599.99,N/A,https://www.latest.ebay.com/itm/316169970498?src=urllib&_trkparms=5373%3A5000006400%7C5374%3ATech%7C5079%3A5000006400
2025-11-02 13:24:56,"Bose QuietComfort Ultra Noise Cancelling Earbuds, Certified Refurbished",$159.00,$249.00,N/A,https://www.latest.ebay.com/itm/186465664855?src=urllib&_trkparms=5373%3A5000006400%7C5374%3ATech%7C5079%3A5000006400
2025-11-02 13:24:56,JBL PartyBox Stage 320 Illuminated LED Wireless Bluetooth Speaker - Black,$375.99,$599.99,N/A,https://www.latest.ebay.com/itm/157359929835?src=urllib&_trkparms=5373%3A5000006400%7C5374%3ATech%7C5079%3A5000006400
2025-11-02 13:24:56,Samsung Galaxy S24 128GB S921U Unlocked - Excellent,$325.99,$799.99,N/A,https://www.latest.ebay.com/itm/256496745168?src=urllib&_trkparms=5373%3A5000006400%7C5374%3ATech%7C5079%3A5000006400
2025-11-02 13:24:56,"Acer Nitro V 15.6"" Gaming Laptop NVIDIA RTX 4060 Core i9 - Certified Refurbished",$919.99,"$1,049.99",N/A,https://www.latest.ebay.com/itm/267229769086?src=urllib&_trkparms=5373%3A5000006400%7C5374%3ATech%7C5079%3A5000006407
2025-11-02 13:24:56,"Apple MacBook Pro 16"" 2023 M3 Pro 512GB 18GB RAM Space Black - Very Good","$1,294.99",N/A,N/A,https://www.latest.ebay.com/itm/157138988493?src=urllib&_trkparms=5373%3A5000006400%7C5374%3ATech%7C5079%3A5000006407
2025-11-02 13:24:56,"Apple MacBook Pro 16"" 2023 M3 Pro All Colors Storage RAM - Very Good","$1,294.99",N/A,N/A,https://www.latest.ebay.com/itm/157242142098?src=urllib&_trkparms=5373%3A5000006400%7C5374%3ATech%7C5079%3A5000006407
2025-11-02 13:24:56,"Apple MacBook Pro 16"" 2023 M3 Max Silver Black 32GB 48GB RAM 1TB 2TB SSD - Good","$2,322.99",N/A,N/A,https://www.latest.ebay.com/itm/167745573294?src=urllib&_trkparms=5373%3A5000006400%7C5374%3ATech%7C5079%3A5000006407
2025-11-02 13:24:56,SVBONY MK127 Telescope Maksutov-Cassegrain 127mm for Planetary Observation,$479.99,$533.32,N/A,https://www.latest.ebay.com/itm/197423012127?src=urllib&_trkparms=5373%3A5000006400%7C5374%3ATech%7C5079%3A5000006430
2025-11-02 13:24:56,"SVBONY SV241 Pro Astronomical Telescope Power HUB USB Control, Astrophotography",$169.99,$242.84,N/A,https://www.latest.ebay.com/itm/177370794681?src=urllib&_trkparms=5373%3A5000006400%7C5374%3ATech%7C5079%3A5000006430
2025-11-02 13:24:56,DJI FPV Combo - Certified Refurbished,$719.10,"$1,299.00",N/A,https://www.latest.ebay.com/itm/305259444032?src=urllib&_trkparms=5373%3A5000006400%7C5374%3ATech%7C5079%3A5000006430
2025-11-02 13:24:56,DJI Mavic 3 Pro with DJI RC Triple-Camera Certified Refurbished,"$2,339.10",N/A,N/A,https://www.latest.ebay.com/itm/306028198306?src=urllib&_trkparms=5373%3A5000006400%7C5374%3ATech%7C5079%3A5000006430
2025-11-02 13:24:56,College Football 26 - Sony PlayStation 5 PS5 Physical In Box,$38.45,$70.00,N/A,https://www.latest.ebay.com/itm/277349335990?src=urllib&_trkparms=5373%3A5000006400%7C5374%3ATech%7C5079%3A5000006401
2025-11-02 13:24:56,"Logitech - PRO X 2 LIGHTSPEED Wireless Gaming Headset for PC, PS5, PS4,",$119.99,$279.99,N/A,https://www.latest.ebay.com/itm/167017920229?src=urllib&_trkparms=5373%3A5000006400%7C5374%3ATech%7C5079%3A5000006401
2025-11-02 13:24:56,NEW Nintendo Switch Lite 32GB Handheld Game Console + ‚úàÔ∏è FREE 2-DAY Shipping,$189.95,$199.99,N/A,https://www.latest.ebay.com/itm/283834525231?src=urllib&_trkparms=5373%3A5000006400%7C5374%3ATech%7C5079%3A5000006401
2025-11-02 13:24:56,"Microsoft Xbox Wireless Controller For Xbox Series X / S, Xbox One & Windows PC",$43.49,$70.00,N/A,https://www.latest.ebay.com/itm/275287871839?src=urllib&_trkparms=5373%3A5000006400%7C5374%3ATech%7C5079%3A5000006401
2025-11-02 13:24:56,Apple iPad Pro 13-inch 7th gen M4 Chip 512GB WiFi - Black or Silver - Good,$919.86,"$1,699.85",N/A,https://www.latest.ebay.com/itm/187028223989?src=urllib&_trkparms=5373%3A5000006400%7C5374%3ATech%7C5079%3A5000006415
2025-11-02 13:24:56,"Apple iPad Air 10.9"" 4th Gen, 64GB, Wi-Fi - VERY GOOD - 1 YEAR WARRANTY",$229.86,$659.85,N/A,https://www.latest.ebay.com/itm/175242586112?src=urllib&_trkparms=5373%3A5000006400%7C5374%3ATech%7C5079%3A5000006415
2025-11-02 13:24:56,"Apple iPad Air 10.9"" 4th Gen, 64GB, Wi-Fi + 4G - Very Good - 1 YEAR WARRANTY",$248.26,$689.85,N/A,https://www.latest.ebay.com/itm/175245221135?src=urllib&_trkparms=5373%3A5000006400%7C5374%3ATech%7C5079%3A5000006415
2025-11-02 13:24:56,"Apple iPad Air 10.9"" 4th Gen 2020, 64GB, Wi-Fi - GOOD - 1 YEAR WARRANTY",$220.66,$649.85,N/A,https://www.latest.ebay.com/itm/203915852886?src=urllib&_trkparms=5373%3A5000006400%7C5374%3ATech%7C5079%3A5000006415
2025-11-02 13:24:56,Sony WF-1000XM5 Truly Wireless Bluetooth Noise Canceling Headphones - Black,$139.99,$299.99,N/A,https://www.latest.ebay.com/itm/276015021037?src=urllib&_trkparms=5373%3A5000006400%7C5374%3ATech%7C5079%3A5000006419
2025-11-02 13:24:56,Skullcandy Push Active True Wireless Earbuds-Black/Orange(Certified Refurbished),$30.93,$79.99,N/A,https://www.latest.ebay.com/itm/265551837873?src=urllib&_trkparms=5373%3A5000006400%7C5374%3ATech%7C5079%3A5000006419
2025-11-02 13:24:56,Apple AirPods 2nd Gen Genuine Replacement Right or Left or Charging Case,$15.49,N/A,N/A,https://www.latest.ebay.com/itm/115878536964?src=urllib&_trkparms=5373%3A5000006400%7C5374%3ATech%7C5079%3A5000006419
2025-11-02 13:24:56,Apple AirPods 3rd Gen Genuine Replacement Right or Left or Charging Case,$34.49,N/A,N/A,https://www.latest.ebay.com/itm/126693283302?src=urllib&_trkparms=5373%3A5000006400%7C5374%3ATech%7C5079%3A5000006419
2025-11-02 13:24:56,Netac 1TB 2TB 512GB Internal SSD 2.5'' SATA III 6Gb/s Solid State Drive lot,$13.99,N/A,N/A,https://www.latest.ebay.com/itm/314555594439?src=urllib&_trkparms=5373%3A5000006400%7C5374%3ATech%7C5079%3A5000006421
2025-11-02 13:24:56,WD 28TB My Book Duo Desktop RAID Hard Drive HDD - WDBFBE0280JBK-NESN,$699.99,$789.99,N/A,https://www.latest.ebay.com/itm/296118852230?src=urllib&_trkparms=5373%3A5000006400%7C5374%3ATech%7C5079%3A5000006421
2025-11-02 13:24:56,WD 20TB WD Gold Enterprise Class SATA HDD Internal Hard Drive HDD - WD202KRYZ,$379.99,$419.99,N/A,https://www.latest.ebay.com/itm/297401321463?src=urllib&_trkparms=5373%3A5000006400%7C5374%3ATech%7C5079%3A5000006421
2025-11-02 13:24:56,Western Digital 22TB WD My Book External Hard Drive HDD - WDBBGB0220HBK-NESN,$399.99,$469.99,N/A,https://www.latest.ebay.com/itm/296118852180?src=urllib&_trkparms=5373%3A5000006400%7C5374%3ATech%7C5079%3A5000006421
2025-11-02 13:24:56,ECO-WORTHY 2Pcs 14kWh 48V 280AH LiFePO4 Battery Vertical Standing Solar Backup,"$3,999.99",N/A,N/A,https://www.latest.ebay.com/itm/396907709023?src=urllib&_trkparms=5373%3A5000006400%7C5374%3ATech%7C5079%3A5000006413
2025-11-02 13:24:56,Reolink 5MP 16 Channel 4TB NVR Kit Outdoor PoE DIY CCTV Security Camera System,$535.00,N/A,N/A,https://www.latest.ebay.com/itm/134064490040?src=urllib&_trkparms=5373%3A5000006400%7C5374%3ATech%7C5079%3A5000006413
2025-11-02 13:24:56,ECO-WORTHY 14kWh 48V 280AH LiFePO4 Battery Vertical Standing Solar Backup 1pack,"$2,199.99",N/A,N/A,https://www.latest.ebay.com/itm/396907705926?src=urllib&_trkparms=5373%3A5000006400%7C5374%3ATech%7C5079%3A5000006413
2025-11-02 13:24:56,"REDTIGER Dash Camera 4K Front and Rear Dash Cam Built-In WiFi & GPS, App control",$64.49,$129.49,N/A,https://www.latest.ebay.com/itm/285933024479?src=urllib&_trkparms=5373%3A5000006400%7C5374%3ATech%7C5079%3A5000006413
2025-11-02 13:24:56,Vera Bradley Women's Outlet Ultralight Essential Cord Organizer NWT,$23.70,$59.00,N/A,https://www.latest.ebay.com/itm/365930191727?src=urllib&_trkparms=5373%3A5000006400%7C5374%3ATech%7C5079%3A5000006427
2025-11-02 13:24:56,Vera Bradley Women's Outlet Ultralight Laptop Workstation Crossbody Bag NWT,$41.70,$119.00,N/A,https://www.latest.ebay.com/itm/365930191290?src=urllib&_trkparms=5373%3A5000006400%7C5374%3ATech%7C5079%3A5000006427
2025-11-02 13:24:56,Vera Bradley Outlet Laptop Crossbody,$31.50,$85.00,N/A,https://www.latest.ebay.com/itm/365926632631?src=urllib&_trkparms=5373%3A5000006400%7C5374%3ATech%7C5079%3A5000006427
2025-11-02 13:24:56,Vera Bradley Outlet Large Tech Sleeve,$23.70,$59.00,N/A,https://www.latest.ebay.com/itm/365926632547?src=urllib&_trkparms=5373%3A5000006400%7C5374%3ATech%7C5079%3A5000006427
2025-11-02 13:24:56,"Refurbished HUION Kamvas 13 (Gen 3) 13.3"" Graphic Tablet Pen Display PenTech4.0",$189.00,N/A,N/A,https://www.latest.ebay.com/itm/335778622198?src=urllib&_trkparms=5373%3A5000006400%7C5374%3ATech%7C5079%3A5000006405
2025-11-02 13:24:56,Huion KAMVAS 22 Graphics Drawing Tablet with Screen OTG Certified Refurbished,$298.90,$449.00,N/A,https://www.latest.ebay.com/itm/234028480288?src=urllib&_trkparms=5373%3A5000006400%7C5374%3ATech%7C5079%3A5000006405
2025-11-02 13:24:56,Refurbished HUION KAMVAS PRO 16 Graphic Drawing Monitor Pen Display+Touch Bar,$234.50,$379.00,N/A,https://www.latest.ebay.com/itm/336080166779?src=urllib&_trkparms=5373%3A5000006400%7C5374%3ATech%7C5079%3A5000006405
2025-11-02 13:24:56,"HUION KAMVAS 16 (Gen 3) Drawing Tablet with Screen 15.8"" PenTech 4.0 2.5K QHD",$459.00,N/A,N/A,https://www.latest.ebay.com/itm/235904746700?src=urllib&_trkparms=5373%3A5000006400%7C5374%3ATech%7C5079%3A5000006405
